coin_id,symbol,name,price_usd,market_cap,volume_24h,change_1h_pct,change_24h_pct,change_7d_pct,all_time_high,ath_distance_pct,momentum,volume_to_mktcap_ratio,recovery_stage,extracted_at
bitcoin,btc,Bitcoin,75362.0,1507797219644,41825161301.0,-0.7668347850144993,-1.0671082526987765,-4.304747543226621,126080.0,-40.22707,🔻 Queda,0.0277,Metade,2026-04-29T15:48:05.723116
ethereum,eth,Ethereum,2230.05,268861270964,18734380955.0,-1.8662099145042608,-2.587815445184585,-7.07853265291376,4946.05,-54.91237,🔻 Queda,0.0697,Recuperação,2026-04-29T15:48:05.723116
tether,usdt,Tether,0.999642,189621944456,72379338929.0,0.004760015450417433,-0.014902179803409661,-0.05715733574399491,1.32,-24.44606,➡️ Lateral,0.3817,Próximo do ATH,2026-04-29T15:48:05.723116
ripple,xrp,XRP,1.35,83456539943,2179600800.0,-0.743239439037395,-1.9406198857276038,-6.620716533226095,3.65,-62.875,🔻 Queda,0.0261,Recuperação,2026-04-29T15:48:05.723116
binancecoin,bnb,BNB,612.35,82464222911,1034517892.0,-1.077373830547988,-1.7421093237275462,-5.06438371205749,1369.99,-55.30242,🔻 Queda,0.0125,Recuperação,2026-04-29T15:48:05.723116
usd-coin,usdc,USDC,0.999832,77274700802,15186938750.0,0.0023809579287655054,-0.00023558184130805703,0.006808136919929819,1.043,-4.17631,➡️ Lateral,0.1965,ATH Region,2026-04-29T15:48:05.723116
solana,sol,Solana,81.96,47214440553,3560689024.0,-1.223124192249719,-1.9931917116477813,-6.4971708454476325,293.31,-72.05601,🔻 Queda,0.0754,Recuperação,2026-04-29T15:48:05.723116
tron,trx,TRON,0.323142,30630495134,460110868.0,-0.056483233633245554,-0.12044777504928779,-1.7252221890543924,0.431288,-25.07513,➡️ Lateral,0.015,Metade,2026-04-29T15:48:05.723116
figure-heloc,figr_heloc,Figure Heloc,1.034,17798485238,20337725.0,0.2291026048640378,-0.5581183975606633,0.5092792731299153,1.049,-1.47566,➡️ Lateral,0.0011,ATH Region,2026-04-29T15:48:05.723116
dogecoin,doge,Dogecoin,0.101624,15645720905,4161786590.0,-1.9967658458804192,2.340882377316247,4.4340742632697285,0.731578,-86.10892,📈 Alta,0.266,Fundo Profundo,2026-04-29T15:48:05.723116
whitebit,wbt,WhiteBIT Coin,53.53,11424304267,67769768.0,-0.8904189985219925,-0.8315511715129792,-4.862755342033885,64.11,-16.49435,➡️ Lateral,0.0059,Próximo do ATH,2026-04-29T15:48:05.723116
usds,usds,USDS,0.999737,10543217470,37928017.0,0.0003999924850017746,-0.011880408835506716,0.005817348891542459,1.15,-13.22314,➡️ Lateral,0.0036,Próximo do ATH,2026-04-29T15:48:05.723116
leo-token,leo,LEO Token,10.32,9506280790,467098.0,-0.12178154501697956,-0.4281742635341647,1.7950713304711194,10.45,-1.21625,➡️ Lateral,0.0,ATH Region,2026-04-29T15:48:05.723116
hyperliquid,hype,Hyperliquid,39.51,9392666951,224583265.0,-0.17175217806013957,-0.8942926710197826,-3.5032664173538572,59.3,-33.37079,➡️ Lateral,0.0239,Metade,2026-04-29T15:48:05.723116
bitcoin-cash,bch,Bitcoin Cash,443.98,8892767741,164931680.0,-0.8208541135270796,-1.040151807542519,-4.105648963352549,3785.82,-88.27261,🔻 Queda,0.0185,Fundo Profundo,2026-04-29T15:48:05.723116
cardano,ada,Cardano,0.240481,8884221501,449659808.0,-1.5676829229870286,-2.503784205134238,-4.882283669838373,3.09,-92.20964,🔻 Queda,0.0506,Fundo Profundo,2026-04-29T15:48:05.723116
monero,xmr,Monero,371.03,6852670425,105881364.0,-0.7353546022644746,-2.5099119842280215,-1.5401107138246788,797.73,-53.48948,🔻 Queda,0.0155,Recuperação,2026-04-29T15:48:05.723116
chainlink,link,Chainlink,8.98,6527968337,247658784.0,-1.440693577807243,-2.699612394919687,-5.083950828052697,52.7,-82.95134,🔻 Queda,0.0379,Fundo Profundo,2026-04-29T15:48:05.723116
canton-network,cc,Canton,0.151857,5833414541,10951457.0,-0.6725353986748451,1.5144821088460014,-1.054144501313165,0.194152,-21.69136,📈 Alta,0.0019,Próximo do ATH,2026-04-29T15:48:05.723116
zcash,zec,Zcash,322.08,5374850842,463823688.0,-0.42139030521217197,-3.835202748047973,-0.9108111796429162,3191.93,-89.90958,🔻 Queda,0.0863,Fundo Profundo,2026-04-29T15:48:05.723116
stellar,xlm,Stellar,0.159211,5299596472,154498106.0,-0.6893113540955494,-1.691137775857689,-11.581687561923527,0.875563,-81.8259,🔻 Queda,0.0292,Fundo Profundo,2026-04-29T15:48:05.723116
usd1-wlfi,usd1,USD1,0.999471,4470636791,1062261998.0,-0.019232357359932527,-0.029508233448148413,-0.027310296841245668,1.025,-2.45035,➡️ Lateral,0.2376,ATH Region,2026-04-29T15:48:05.723116
memecore,m,MemeCore,3.43,4449970503,38194355.0,2.186486939141897,-0.23605154322872504,-24.13205898520358,4.82,-28.85689,➡️ Lateral,0.0086,Metade,2026-04-29T15:48:05.723116
dai,dai,Dai,0.999315,4416359107,32771955.0,0.011280689822368191,-0.04681942727206183,-0.036254743425185386,1.22,-17.98688,➡️ Lateral,0.0074,Próximo do ATH,2026-04-29T15:48:05.723116
litecoin,ltc,Litecoin,54.69,4217195493,391167433.0,-1.2941535781678377,-1.0163608130831698,-2.520910620599933,410.26,-86.69457,🔻 Queda,0.0928,Fundo Profundo,2026-04-29T15:48:05.723116
avalanche-2,avax,Avalanche,9.02,3892515875,220042446.0,-1.355200168754724,-1.334635323151639,-5.362753602841782,144.96,-93.80146,🔻 Queda,0.0565,Fundo Profundo,2026-04-29T15:48:05.723116
hedera-hashgraph,hbar,Hedera,0.087895,3810448141,58907469.0,-0.7023228724505757,-1.4142339266074366,-5.018942495928607,0.569229,-84.58857,🔻 Queda,0.0155,Fundo Profundo,2026-04-29T15:48:05.723116
ethena-usde,usde,Ethena USDe,0.999094,3807643920,72725349.0,0.007472522739655875,0.0031392418822651733,-0.022208308701726357,1.034,-3.38079,➡️ Lateral,0.0191,ATH Region,2026-04-29T15:48:05.723116
rain,rain,Rain,0.0075993,3634717331,12174566.0,-1.9796305560246525,1.3737499210344604,-2.413244266304515,0.01090099,-30.27374,📈 Alta,0.0033,Metade,2026-04-29T15:48:05.723116
shiba-inu,shib,Shiba Inu,6.05e-06,3562180909,176242212.0,-1.4198745236092176,-1.0838318936545248,-2.9236299849342458,8.616e-05,-92.97842,🔻 Queda,0.0495,Fundo Profundo,2026-04-29T15:48:05.723116
sui,sui,Sui,0.893418,3531895425,296771355.0,-1.3614177742074332,-3.3660748061066164,-7.672154685577357,5.35,-83.28988,🔻 Queda,0.084,Fundo Profundo,2026-04-29T15:48:05.723116
paypal-usd,pyusd,PayPal USD,0.999796,3386732510,75901194.0,-0.01957152137549267,-0.004695470584762508,0.0014592967970315982,1.081,-7.49601,➡️ Lateral,0.0224,ATH Region,2026-04-29T15:48:05.723116
the-open-network,ton,Toncoin,1.3,3241223164,1159241284.0,-1.7622006617554933,0.8638583999797691,-4.826090545163304,8.25,-84.2231,➡️ Lateral,0.3577,Fundo Profundo,2026-04-29T15:48:05.723116
crypto-com-chain,cro,Cronos,0.067948,2958343851,10666802.0,-0.5220954365951362,-1.719465065474712,-3.660195291758577,0.891544,-92.41717,🔻 Queda,0.0036,Fundo Profundo,2026-04-29T15:48:05.723116
hashnote-usyc,usyc,Circle USYC,1.12,2920468249,224547.0,0.009649306617692026,0.018132079436497955,-0.03447304431500263,1.12,-0.05224,➡️ Lateral,0.0001,ATH Region,2026-04-29T15:48:05.723116
tether-gold,xaut,Tether Gold,4531.41,2536399225,174901571.0,-0.257175956713039,-1.332310088564605,-4.025463123341725,5504.62,-17.6999,🔻 Queda,0.069,Próximo do ATH,2026-04-29T15:48:05.723116
global-dollar,usdg,Global Dollar,0.999756,2425370163,50694398.0,0.0031766908633030825,-0.0005580601702821113,-1.725456695857448e-05,1.65,-39.5744,➡️ Lateral,0.0209,Metade,2026-04-29T15:48:05.723116
bittensor,tao,Bittensor,250.37,2403209630,206657410.0,-0.22044881534139263,-2.655907153181464,1.038723018079406,757.6,-66.99572,🔻 Queda,0.086,Recuperação,2026-04-29T15:48:05.723116
blackrock-usd-institutional-digital-liquidity-fund,buidl,BlackRock USD Institutional Digital Liquidity Fund,1.0,2282121657,0.0,0.0,0.0,0.0,1.0,0.0,➡️ Lateral,0.0,ATH Region,2026-04-29T15:48:05.723116
pax-gold,paxg,PAX Gold,4526.35,2168329603,145487873.0,-0.3062733201749145,-1.420383021464,-4.022495098709392,5619.09,-19.42367,🔻 Queda,0.0671,Próximo do ATH,2026-04-29T15:48:05.723116
mantle,mnt,Mantle,0.621774,2053182143,37943348.0,-0.5279207782081856,-1.7237419503587097,-3.0817393470812835,2.86,-78.23937,🔻 Queda,0.0185,Fundo Profundo,2026-04-29T15:48:05.723116
world-liberty-financial,wlfi,World Liberty Financial,0.063842,2029656918,78972929.0,-1.0714025868627453,-13.328130053181871,-19.912322452469716,0.331336,-80.73208,📉 Queda Forte,0.0389,Fundo Profundo,2026-04-29T15:48:05.723116
polkadot,dot,Polkadot,1.19,2003719804,133403745.0,-1.742465062983364,-3.0293299730891987,-7.799540847043451,54.98,-97.83533,🔻 Queda,0.0666,Fundo Profundo,2026-04-29T15:48:05.723116
uniswap,uni,Uniswap,3.14,1985014928,157337406.0,-2.0574797618485947,-3.461678649890692,-7.775423689568241,44.92,-93.02752,🔻 Queda,0.0793,Fundo Profundo,2026-04-29T15:48:05.723116
pi-network,pi,Pi Network,0.189609,1957838121,39799044.0,-0.8992646229713248,1.0780532749850944,11.856045008231291,2.99,-93.69205,📈 Alta,0.0203,Fundo Profundo,2026-04-29T15:48:05.723116
sky,sky,Sky,0.081922,1900733489,13969552.0,-1.2394163627459704,-6.555810125836212,-2.8068056934357117,0.100535,-18.52422,📉 Queda Forte,0.0073,Próximo do ATH,2026-04-29T15:48:05.723116
falcon-finance,usdf,Falcon USD,0.997131,1784752346,737806.0,0.007705125848523842,-0.023609251566190263,-0.13184493872787673,1.075,-7.27018,➡️ Lateral,0.0004,ATH Region,2026-04-29T15:48:05.723116
okb,okb,OKB,81.42,1709810370,18297949.0,-0.6997115194337828,-1.538685802251035,-4.388341616033172,228.74,-64.46586,🔻 Queda,0.0107,Recuperação,2026-04-29T15:48:05.723116
near,near,NEAR Protocol,1.31,1696021282,120967006.0,-0.6914873345699281,-2.4762396944840948,-7.5188221890411535,20.44,-93.59509,🔻 Queda,0.0713,Fundo Profundo,2026-04-29T15:48:05.723116
aster-2,aster,Aster,0.651363,1678385924,179685559.0,-0.7198988433747653,0.7115161445493962,-4.913075581443701,2.41,-72.95831,➡️ Lateral,0.1071,Recuperação,2026-04-29T15:48:05.723116
