price,volume,date,coin,ma_7d,ma_30d,volatility_7d
84570.40906135936,70962598615.0189,2026-01-30 00:00:00,bitcoin,,,
84141.77856967277,79515463845.849,2026-01-31 00:00:00,bitcoin,,,
78725.85853884545,78488542272.81866,2026-02-01 00:00:00,bitcoin,,,
76937.06406636834,58330740751.53287,2026-02-02 00:00:00,bitcoin,,,
78767.65815345927,84675130404.55545,2026-02-03 00:00:00,bitcoin,,,
75638.95670207398,73734215653.24066,2026-02-04 00:00:00,bitcoin,,,
73172.29203248928,74109194166.40112,2026-02-05 00:00:00,bitcoin,78850.57387489549,,4222.058738501518
62853.69038445987,142403234254.4544,2026-02-06 00:00:00,bitcoin,75748.18549248127,,6617.712986964516
70523.95417035831,128662818793.56021,2026-02-07 00:00:00,bitcoin,73802.78200686493,,5673.223307428048
69296.80677355142,68978204828.46071,2026-02-08 00:00:00,bitcoin,72455.77461182293,,5423.389222971824
70542.37329463876,42782981463.70375,2026-02-09 00:00:00,bitcoin,71542.2473587187,,5069.785155098039
70096.40692272567,56115089203.17752,2026-02-10 00:00:00,bitcoin,70303.4971828996,,3944.589301394821
68779.90981269129,43014177103.90287,2026-02-11 00:00:00,bitcoin,69323.63334155924,,3175.215654120116
66937.58141157958,54917156057.4172,2026-02-12 00:00:00,bitcoin,68432.96039571498,,2763.4504011921076
66184.57765470445,47600564765.981926,2026-02-13 00:00:00,bitcoin,68908.80143432136,,1739.825036822301
68838.87490510389,43307347077.16525,2026-02-14 00:00:00,bitcoin,68668.0758249993,,1589.1547322606616
69765.59638824302,38886730356.77217,2026-02-15 00:00:00,bitcoin,68735.04576995524,,1629.4339786554967
68716.58337486399,44139541277.476685,2026-02-16 00:00:00,bitcoin,68474.21863855884,,1425.2498655808283
68907.78353606178,36789211960.55089,2026-02-17 00:00:00,bitcoin,68304.41529760686,,1261.1287632446865
67489.45540267964,38338996657.38213,2026-02-18 00:00:00,bitcoin,68120.06466760518,,1274.2869285662457
66456.3537620677,36348385076.441895,2026-02-19 00:00:00,bitcoin,68051.31786053207,,1358.8860339712699
66918.68417467622,34180839195.07364,2026-02-20 00:00:00,bitcoin,68156.19022052803,,1211.1000582787806
67970.29403133177,53528257484.904335,2026-02-21 00:00:00,bitcoin,68032.1072385606,,1173.406935429402
67977.90904199042,20679811587.418015,2026-02-22 00:00:00,bitcoin,67776.72333195308,,894.6795749362699
67585.11718938159,20354767532.065258,2026-02-23 00:00:00,bitcoin,67615.08530545559,,793.0108556622965
64577.553200674425,56724400502.91585,2026-02-24 00:00:00,bitcoin,66996.48097182883,,1200.6963690764878
64074.11098528222,44864477921.16241,2026-02-25 00:00:00,bitcoin,66508.57462648633,,1595.8741053258907
67947.39185585188,54747624390.78176,2026-02-26 00:00:00,bitcoin,66721.5800684555,,1684.7726717561134
67469.06040327046,45543276394.82464,2026-02-27 00:00:00,bitcoin,66800.20524396897,,1708.1840810078468
65883.99096235317,43031961580.21165,2026-02-28 00:00:00,bitcoin,66502.1619484006,70258.269225427,1651.0546793359872
67008.45435746174,46319353202.33809,2026-03-01 00:00:00,bitcoin,66363.66842203935,69672.87073529708,1543.8117677937007
65713.4989891121,43467491553.81901,2026-03-02 00:00:00,bitcoin,66096.29439342943,69058.59474927839,1456.622219858625
68864.03691918531,60995565405.364334,2026-03-03 00:00:00,bitcoin,66708.64921035955,68729.86736195638,1605.1720922224765
68321.6178484252,52704039830.20494,2026-03-04 00:00:00,bitcoin,67315.43590509426,68442.68582135827,1193.2455874308816
72669.7701652216,81081561357.69708,2026-03-05 00:00:00,bitcoin,67990.06137786138,68239.42288841703,2367.371979554248
70874.98687140146,55313274475.72516,2026-03-06 00:00:00,bitcoin,68476.62230188008,68080.62389406127,2582.6621567596662
68148.28339966535,46427994894.47989,2026-03-07 00:00:00,bitcoin,68800.09265006754,67913.15693963382,2333.613100061287
67271.1907777184,24588849466.218872,2026-03-08 00:00:00,bitcoin,68837.62642438992,68060.40695274243,2301.890971893291
66036.15782362667,35845854760.95391,2026-03-09 00:00:00,bitcoin,68883.72054360628,67910.8137411847,2231.045856891844
68459.31537095344,52419546997.01177,2026-03-10 00:00:00,bitcoin,68825.90317957316,67882.8973610981,2236.8775136241265
69883.00887579883,57031319359.51854,2026-03-11 00:00:00,bitcoin,69048.95904062653,67860.91854713678,2255.9778886133277
70226.818790692,48188681300.73879,2026-03-12 00:00:00,bitcoin,68699.9659871223,67865.26560940231,1730.1794095096434
70544.42535461926,43093376170.49169,2026-03-13 00:00:00,bitcoin,68652.74291329629,67924.08279413325,1664.1729234533982
70965.28228600459,62328257621.5837,2026-03-14 00:00:00,bitcoin,69055.17132563045,68058.33948994741,1851.8705712058345
71217.1010283798,23763781398.02588,2026-03-15 00:00:00,bitcoin,69618.87279001066,68226.09026906993,1818.5885430135086
72681.9132538886,29137209887.5333,2026-03-16 00:00:00,bitcoin,70568.26642290522,68354.19154736276,1296.1814555594174
74858.14870100339,56424669615.78771,2026-03-17 00:00:00,bitcoin,71482.3854700552,68523.94329112144,1741.007284509573
73926.27899152413,47796151709.5938,2026-03-18 00:00:00,bitcoin,72059.9954865874,68697.59981167677,1791.9177308090443
71255.86350265636,46235388353.26782,2026-03-19 00:00:00,bitcoin,72207.00187401088,68775.86914389659,1653.311335246676
69871.4514796119,46069506172.99344,2026-03-20 00:00:00,bitcoin,72110.86274900983,68855.26901312766,1780.7566776506337
70552.62530009366,39288514955.56232,2026-03-21 00:00:00,bitcoin,72051.91175102255,68991.81139772854,1831.1193698037778
68733.54779458739,22788052215.99816,2026-03-22 00:00:00,bitcoin,71697.11843190934,69052.30685172557,2219.2893452837748
67848.87605821833,30380203636.611057,2026-03-23 00:00:00,bitcoin,71006.68454681359,69048.25958595512,2583.72234918264
70892.82823994374,52502731112.03615,2026-03-24 00:00:00,bitcoin,70440.21019523365,69145.42355922023,1957.3222293316344
70524.51175942823,40395077210.95709,2026-03-25 00:00:00,bitcoin,69954.24344779138,69243.40337822179,1237.4669827603764
71309.26403856269,36566429238.80042,2026-03-26 00:00:00,bitcoin,69961.87209577799,69467.79373948472,1246.9566860179496
68791.11093800364,52234708975.603966,2026-03-27 00:00:00,bitcoin,69807.53773269108,69625.02707124212,1324.4607702852993
66321.016242762,48874426380.128494,2026-03-28 00:00:00,bitcoin,69203.02215307229,69570.81455080578,1805.906097908317
66321.06539994745,23637115348.524387,2026-03-29 00:00:00,bitcoin,68858.38181098086,69532.54805069501,2114.300940523973
65970.42899513361,25095464001.894596,2026-03-30 00:00:00,bitcoin,68590.0322305402,69535.42931845436,2367.7943295763635
66699.27436893585,37098483334.61913,2026-03-31 00:00:00,bitcoin,67990.9531061105,69525.12331883684,2213.5388398085224
68231.83047993251,56210727882.161446,2026-04-01 00:00:00,bitcoin,67663.42720903967,69609.06770186419,1927.291499259125
68089.0553821667,46822039842.98501,2026-04-02 00:00:00,bitcoin,67203.3974009831,69583.23498396356,1132.4277992325362
66891.6645686824,47198627198.56218,2026-04-03 00:00:00,bitcoin,66932.04791965151,69535.5698746388,890.2514269211865
66939.69121715311,26755680223.76058,2026-04-04 00:00:00,bitcoin,67020.43005885024,69344.56724303651,849.2452051616352
67304.24955635444,21516550336.856274,2026-04-05 00:00:00,bitcoin,67160.88493833695,69225.54266586828,793.7940622709975
68985.52642694542,26416194024.766064,2026-04-06 00:00:00,bitcoin,67591.61314288148,69253.4507667776,855.7742873846582
68864.23452757328,45398732027.77202,2026-04-07 00:00:00,bitcoin,67900.89316554398,69306.55222510612,870.6143003701138
71975.62171045873,54821363017.72348,2026-04-08 00:00:00,bitcoin,68435.72048419059,69504.53435466718,1781.3584209504772
71117.07713411814,42583999503.6708,2026-04-09 00:00:00,bitcoin,68868.29502018365,69593.12641343934,2033.0223244457707
71770.7468500515,39293023566.96442,2026-04-10 00:00:00,bitcoin,69565.30677466493,69656.05101258108,2078.27891983868
72972.70823557042,38358391003.667854,2026-04-11 00:00:00,bitcoin,70427.16634872455,69747.58066074371,2058.8173706451043
73053.88808483821,23868132454.73879,2026-04-12 00:00:00,bitcoin,71248.5432813651,69831.22941841767,1725.1478739809963
70756.75105500016,30101377740.873566,2026-04-13 00:00:00,bitcoin,71501.57537108721,69824.2783773842,1445.0633644773964
74514.63006655,53329034805.473694,2026-04-14 00:00:00,bitcoin,72308.77473379816,69934.19601198987,1296.8670555731082
74181.10807228928,57684799834.52557,2026-04-15 00:00:00,bitcoin,72623.84421405967,69984.16917260321,1460.0767508767274
74833.50639132406,33592871494.555107,2026-04-16 00:00:00,bitcoin,73154.7626793748,69983.34776228058,1496.1107188002316
75149.1930221427,44500754086.976234,2026-04-17 00:00:00,bitcoin,73637.3978468164,70024.1115633012,1519.9659721975033
77128.44334858148,64762179077.35212,2026-04-18 00:00:00,bitcoin,74231.07429153226,70219.86422483204,1963.848420357861
75728.45681761758,66292316931.16393,2026-04-19 00:00:00,bitcoin,74613.15553907218,70415.09773609889,1956.8123830605973
73856.05501487634,62221359441.72641,2026-04-20 00:00:00,bitcoin,75055.91324762593,70525.21205992498,1103.3126751270759
75874.54629352967,48152404105.554855,2026-04-21 00:00:00,bitcoin,75250.18699433732,70763.24534322305,1111.8130625002789
76350.25202878818,41231756234.27609,2026-04-22 00:00:00,bitcoin,75560.06470240858,71046.62454224206,1065.5056465058528
78194.78334884858,49815267208.000084,2026-04-23 00:00:00,bitcoin,76040.24712491209,71290.0230458722,1391.1411952505402
78260.61998045091,41704798844.827675,2026-04-24 00:00:00,bitcoin,76484.73669038469,71547.89331990629,1547.2946464497388
77444.79563692068,33584952477.909107,2026-04-25 00:00:00,bitcoin,76529.92987443313,71752.41103985158,1573.6254472511355
77619.14219872655,17276677148.502968,2026-04-26 00:00:00,bitcoin,76800.02778602012,72046.67874854234,1575.390773908913
78645.12560170851,22944408006.92362,2026-04-27 00:00:00,bitcoin,77484.18072699616,72457.48239384055,1028.9225828346903
77361.29911038803,39453767786.252846,2026-04-28 00:00:00,bitcoin,77696.57398654734,72825.49018418857,759.4395624607181
76345.22521002527,32683167166.924606,2026-04-29 00:00:00,bitcoin,77695.85586958122,73171.31672468496,760.9257285485206
75362.95849038738,41843492696.37938,2026-04-29 18:52:22,bitcoin,77291.30946122961,73460.1061954,1119.6669715375592
2818.817890220326,37820864892.228645,2026-01-30 00:00:00,ethereum,,,
2702.40799526457,41803190280.20533,2026-01-31 00:00:00,ethereum,,,
2443.9290245632774,48591221287.94092,2026-02-01 00:00:00,ethereum,,,
2269.3288518651166,41592993667.771126,2026-02-02 00:00:00,ethereum,,,
2344.512261445349,51461557534.321014,2026-02-03 00:00:00,ethereum,,,
2226.985635575225,47572474187.92975,2026-02-04 00:00:00,ethereum,,,
2152.0870116729375,45329629877.16246,2026-02-05 00:00:00,ethereum,2422.581238658114,,250.5886575497916
1820.5693215574129,56436780638.71162,2026-02-06 00:00:00,ethereum,2279.9743002776986,,270.747651244358
2060.7349645674162,65078857952.97811,2026-02-07 00:00:00,ethereum,2188.306724463819,,204.37742553067957
2091.040353689534,40809475718.479546,2026-02-08 00:00:00,ethereum,2137.8940571961416,,171.73075817854303
2095.1305644770564,19286038988.323254,2026-02-09 00:00:00,ethereum,2113.0085875692757,,161.84731729703125
2104.4577921908335,25731465365.115547,2026-02-10 00:00:00,ethereum,2078.715091961488,,126.10457491962168
2018.9237788543585,23450565532.755688,2026-02-11 00:00:00,ethereum,2048.9919695727926,,108.64374646965742
1939.4321739711042,23726060466.889244,2026-02-12 00:00:00,ethereum,2018.6127070439595,,104.67031244647964
1945.7351413092624,20191974576.36766,2026-02-13 00:00:00,ethereum,2036.4935384370806,,70.222425168341
2047.3626742531244,20594568667.212955,2026-02-14 00:00:00,ethereum,2034.583211249325,,69.63246357596033
2085.5236826118394,16091018722.533241,2026-02-15 00:00:00,ethereum,2033.7951153810827,,68.91450612459731
1963.9572853026268,31079407276.992832,2026-02-16 00:00:00,ethereum,2015.0560754990213,,67.27119097446185
2000.6104432030938,19705943204.54316,2026-02-17 00:00:00,ethereum,2000.220739929344,,54.50975124609472
1992.004854467171,21432577907.82225,2026-02-18 00:00:00,ethereum,1996.3751793026033,,53.9166898072482
1954.7534951528544,19828649642.21613,2026-02-19 00:00:00,ethereum,1998.5639394714246,,51.47552926127151
1946.9092613594232,19134139969.172134,2026-02-20 00:00:00,ethereum,1998.731670907162,,51.276225152147546
1967.8121148578189,21428203502.98199,2026-02-21 00:00:00,ethereum,1987.3673052792608,,47.36825662139779
1973.6643315860636,10481601460.735386,2026-02-22 00:00:00,ethereum,1971.3873979898647,,19.27046717233683
1954.1913563168575,10142077738.794188,2026-02-23 00:00:00,ethereum,1969.9922652776118,,20.227777674614664
1853.695790383818,31366211602.76786,2026-02-24 00:00:00,ethereum,1949.004457732001,,44.644818161736524
1852.8102933693347,19343806620.90055,2026-02-25 00:00:00,ethereum,1929.11952043231,,52.59177177456622
2053.1886740789387,26646705598.64601,2026-02-26 00:00:00,ethereum,1943.181688850322,,70.64843583150513
2027.3015182289616,23012726588.17416,2026-02-27 00:00:00,ethereum,1954.6662969745416,,77.55233313075573
1931.3205870910035,21664624267.05581,2026-02-28 00:00:00,ethereum,1949.4532215792826,2087.9733041162235,77.74762890355751
1965.036620141305,22174654477.74997,2026-03-01 00:00:00,ethereum,1948.2206913728885,2059.513928446923,77.36729859224162
1938.411487707785,22612368031.39022,2026-03-02 00:00:00,ethereum,1945.9664244287353,2034.0473781950302,77.3942213058661
2029.443994398502,25981401238.01784,2026-03-03 00:00:00,ethereum,1971.0733107165472,2020.231210522871,70.68868079682267
1982.4582786533451,23812766657.95574,2026-03-04 00:00:00,ethereum,1989.594451471406,2010.6688580824784,47.8253510103798
2125.8345858015964,34189044586.860294,2026-03-05 00:00:00,ethereum,1999.9724388603572,2003.3796022276867,67.68408957937292
2074.5222481851615,22447894281.234646,2026-03-06 00:00:00,ethereum,2006.7182574255287,1998.2974893146848,73.00578619484116
1980.7782841320018,19315502583.71804,2026-03-07 00:00:00,ethereum,2013.7836427170994,1992.5871983966535,66.60543614566788
1969.6937981965013,9708504242.945522,2026-03-08 00:00:00,ethereum,2014.448953867842,1997.5580142846231,66.05836870056945
1938.6249253514961,16256963053.691586,2026-03-09 00:00:00,ethereum,2014.4794449598007,1993.4876796440922,66.01745853022673
1992.355228734493,23948772987.557167,2026-03-10 00:00:00,ethereum,2009.1810498649425,1990.1981754789242,66.10454000338349
2035.2089486782504,24001624664.90548,2026-03-11 00:00:00,ethereum,2016.7168598685,1988.2007882856308,65.5549225750107
2051.7311684113824,19128555868.09481,2026-03-12 00:00:00,ethereum,2006.1306573841835,1986.4432341596491,48.85273303775203
2076.5162283684745,20100511777.3683,2026-03-13 00:00:00,ethereum,2006.4155116960858,1988.362982476786,49.321543751506105
2093.00633968562,28482320998.799824,2026-03-14 00:00:00,ethereum,2022.4480910608884,1993.482121333937,57.208808930254044
2096.556369062344,9282981861.045782,2026-03-15 00:00:00,ethereum,2040.5713154702942,1998.509495592373,57.802753001152475
2175.059915408281,14747913813.60742,2026-03-16 00:00:00,ethereum,2074.3477426212635,2002.7660702975447,57.38050970568559
2351.172929558985,37734375007.812355,2026-03-17 00:00:00,ethereum,2125.6074141676195,2011.621045195783,108.9890450648253
2318.1196031651903,24944176216.695835,2026-03-18 00:00:00,ethereum,2166.0232219514683,2023.4264557912018,121.6050090682338
2203.380058379178,24417846816.558723,2026-03-19 00:00:00,ethereum,2187.6873490897246,2030.1854429637378,110.88596866131594
2137.450038431429,24108916783.710667,2026-03-20 00:00:00,ethereum,2196.3921790987183,2035.0336157625463,102.80121523042328
2146.971987874902,16150931145.105274,2026-03-21 00:00:00,ethereum,2204.1015574114726,2041.4408988532814,95.52156914258869
2078.0492129718186,8184480973.487277,2026-03-22 00:00:00,ethereum,2201.457677969969,2045.8122305736945,99.18040493712232
2053.1449566818205,15324406138.541382,2026-03-23 00:00:00,ethereum,2184.0412552947605,2048.6566586344948,114.16144658404592
2151.498274966905,28068766677.710217,2026-03-24 00:00:00,ethereum,2155.5163046387493,2054.5844567471895,87.20412325279653
2155.6817607237,17313748265.95867,2026-03-25 00:00:00,ethereum,2132.310898575679,2061.300803560751,50.69206588791353
2168.2595767488515,16105449679.631647,2026-03-26 00:00:00,ethereum,2127.2936869142036,2071.786263106252,43.748120647517084
2059.332619583916,17644048977.134975,2026-03-27 00:00:00,ethereum,2116.1340556502732,2078.6703406467377,50.21152252893205
1991.9001004362854,18794766454.176136,2026-03-28 00:00:00,ethereum,2093.980928873328,2076.627388191983,66.04916394915428
1992.7681119939894,7979293174.014605,2026-03-29 00:00:00,ethereum,2081.797914447924,2075.4762746508172,76.51381813758725
1983.184167632635,10326299594.555487,2026-03-30 00:00:00,ethereum,2071.803516012326,2077.2050606688713,84.98102657606209
2023.82401658508,17467477810.849476,2026-03-31 00:00:00,ethereum,2053.564336243494,2079.1646405503307,78.47797278802801
2104.8765857093113,21496491501.1208,2026-04-01 00:00:00,ethereum,2046.3064540985813,2084.7134771503816,69.26879271802525
2139.0578887146285,18985751706.48486,2026-04-02 00:00:00,ethereum,2042.1347843794065,2088.3672736275857,61.09751572846262
2056.8902960008427,18107142808.132233,2026-04-03 00:00:00,ethereum,2041.785881010396,2090.8483408725024,60.98981611944319
2053.6088145168164,10901803576.733706,2026-04-04 00:00:00,ethereum,2050.601411593329,2088.44081516301,56.900119535169374
2064.9940579142453,6614766426.338903,2026-04-05 00:00:00,ethereum,2060.9194038676515,2088.1232088206457,50.896909847685336
2109.005555869251,10308136462.203756,2026-04-06 00:00:00,ethereum,2078.8938879014536,2092.397451211887,39.89759625194145
2107.828320222534,17715610730.53405,2026-04-07 00:00:00,ethereum,2090.8945027068044,2097.0019352794216,32.52516071467846
2241.8159903072574,21326991149.979954,2026-04-08 00:00:00,ethereum,2110.4572747922252,2107.1083041112806,66.14403335383051
2190.478568186725,21125273662.90435,2026-04-09 00:00:00,ethereum,2117.8030861453817,2113.712415426355,72.4084301705874
2188.9744265525896,17278828176.633224,2026-04-10 00:00:00,ethereum,2136.6722476527743,2118.8379313554997,71.08745723735255
2245.0457222392993,16110889862.863766,2026-04-11 00:00:00,ethereum,2164.0203773274147,2125.28174981643,70.62859920215557
2285.4701387600003,11696324641.23899,2026-04-12 00:00:00,ethereum,2195.5169603053796,2132.2468801628143,68.2275403729442
2192.1608453362987,14967971355.94253,2026-04-13 00:00:00,ethereum,2207.3962873721007,2135.5520303511703,56.96372401408592
2371.8632958349403,23820082860.198566,2026-04-14 00:00:00,ethereum,2245.1155696024443,2144.728927910257,66.6403308164178
2323.217827319875,24070653200.686302,2026-04-15 00:00:00,ethereum,2256.74440346139,2149.6675249739765,72.78744070526129
2359.683410161545,17326838284.48319,2026-04-16 00:00:00,ethereum,2280.916523743507,2149.951207660729,75.17014869588077
2348.7047080527386,20472335141.626884,2026-04-17 00:00:00,ethereum,2303.7351353863855,2150.97071115698,66.33296435996644
2421.00695362286,25049986905.615837,2026-04-18 00:00:00,ethereum,2328.872454155465,2158.2249409984365,73.35463122999828
2350.9360042357484,13349871162.941334,2026-04-19 00:00:00,ethereum,2338.224720652001,2165.3411398585804,71.03543315068941
2264.8143990219965,16902057633.758123,2026-04-20 00:00:00,ethereum,2348.603799749958,2169.26922023015,47.568440599772586
2315.024147296644,23156669964.6911,2026-04-21 00:00:00,ethereum,2340.483921387344,2177.1683847076442,47.78702957734635
2327.5116327297133,17130568289.747871,2026-04-22 00:00:00,ethereum,2341.097322160178,2186.3139405759075,47.55545818668009
2377.9343971512685,20905574032.85398,2026-04-23 00:00:00,ethereum,2343.7046060158527,2193.861811315386,49.21563359856077
2330.8275816492055,19629913368.43663,2026-04-24 00:00:00,ethereum,2341.150730815348,2199.7000053462366,49.376499689340044
2315.512435446713,13635648616.699389,2026-04-25 00:00:00,ethereum,2326.080085361613,2204.6084339694985,34.92531965258014
2319.1503239938397,6121295053.320906,2026-04-26 00:00:00,ethereum,2321.539273898483,2213.269024116496,33.17765268304406
2369.743028837697,11012462134.513592,2026-04-27 00:00:00,ethereum,2336.5290781578688,2225.863788396543,26.260143321784994
2299.7704586966606,12150745861.189976,2026-04-28 00:00:00,ethereum,2334.3499797864424,2236.097199953299,28.847488420558392
2288.0449269490086,12066840793.75513,2026-04-29 00:00:00,ethereum,2328.7118789606275,2246.259225263844,33.83278289470225
2229.8637647122255,18730477956.55739,2026-04-29 18:52:33,ethereum,2307.5589314693357,2253.1272168680825,42.980434057936804
0.9984872795552621,113819694748.00395,2026-01-30 00:00:00,tether,,,
0.9985230477227056,130418475376.86609,2026-01-31 00:00:00,tether,,,
0.9989497615329074,138806979003.95142,2026-02-01 00:00:00,tether,,,
0.9989392888486452,104926752392.82854,2026-02-02 00:00:00,tether,,,
0.9992001010087601,144943793846.22897,2026-02-03 00:00:00,tether,,,
0.9987167613016705,129977544965.83496,2026-02-04 00:00:00,tether,,,
0.9979612681080594,126710406788.96834,2026-02-05 00:00:00,tether,0.9986825011540015,,0.0004062358456084137
0.9982250428285866,213994765591.6486,2026-02-06 00:00:00,tether,0.9986450387644764,,0.00043808256566116527
0.9993888421960845,211619852134.09854,2026-02-07 00:00:00,tether,0.9987687236892447,,0.0005136104250487303
0.9994305117681377,116999075144.90572,2026-02-08 00:00:00,tether,0.9988374022942778,,0.0005708101723740683
0.999499498559742,66152150874.92032,2026-02-09 00:00:00,tether,0.9989174322530057,,0.0006242465527920931
0.9995763421525862,88706029735.21799,2026-02-10 00:00:00,tether,0.9989711809878381,,0.0006673505696470684
0.9994983972219773,74454954255.75401,2026-02-11 00:00:00,tether,0.9990828432621676,,0.000682896897186379
0.9994115981365723,85949158064.73518,2026-02-12 00:00:00,tether,0.9992900332662409,,0.0004739451602835677
0.999346447755714,75287821196.42139,2026-02-13 00:00:00,tether,0.9994502339701163,,7.860470025104773e-05
0.999526705546248,70700775517.72125,2026-02-14 00:00:00,tether,0.9994699287344254,,7.792727299465023e-05
0.9996671716102811,63743729208.98599,2026-02-15 00:00:00,tether,0.9995037372833029,,0.0001047106236748955
0.9995907413979994,85838092904.71838,2026-02-16 00:00:00,tether,0.9995167719744825,,0.00010965728068240463
0.9996299905566526,63254052736.60891,2026-02-17 00:00:00,tether,0.9995244360322063,,0.00011619451507686706
0.9996560408199576,64669141498.73611,2026-02-18 00:00:00,tether,0.9995469565462036,,0.0001252321695024165
0.9996612869116703,60859502455.20677,2026-02-19 00:00:00,tether,0.9995826263712175,,0.00011542801231634332
0.9996645344960943,57095665101.92193,2026-02-20 00:00:00,tether,0.999628067334129,,5.2307091442700016e-05
0.9996107557292512,81560793772.82895,2026-02-21 00:00:00,tether,0.9996400745031295,,3.0090047524954178e-05
0.9997716894518883,37207806661.98278,2026-02-22 00:00:00,tether,0.9996550056233592,,5.839540338921834e-05
0.9996113662285153,34676635543.48002,2026-02-23 00:00:00,tether,0.9996579520277186,,5.5036163645126184e-05
0.9997189462103195,90957851445.69318,2026-02-24 00:00:00,tether,0.9996706599782424,,5.770886450394552e-05
1.0000583892729342,69685751462.0334,2026-02-25 00:00:00,tether,0.9997281383286677,,0.0001565118946779029
1.0001858815580689,94659207398.66522,2026-02-26 00:00:00,tether,0.9998030804210103,,0.00022829855114490227
1.0000449542644683,74917746160.38226,2026-02-27 00:00:00,tether,0.9998574261022065,,0.00023500183762210214
1.0000379974136187,71262396087.08199,2026-02-28 00:00:00,tether,0.9999184606285448,0.9993863546721793,0.00021487919625080542
1.0003547856985877,76134960296.2443,2026-03-01 00:00:00,tether,1.0000017600923587,0.9994486048769567,0.00025732748189711164
1.0000489255310072,74100373438.1059,2026-03-02 00:00:00,tether,1.0000642685641437,0.999499467470567,0.0001913855811354157
1.000035599976023,97896550567.6348,2026-03-03 00:00:00,tether,1.0001095048163868,0.9995356620853374,0.0001204303216762547
1.0000336152572948,84650809790.36569,2026-03-04 00:00:00,tether,1.0001059656712954,0.9995721396322923,0.00012252858294778797
1.0001290807294116,123046015365.74576,2026-03-05 00:00:00,tether,1.0000978512672016,0.9996031056229807,0.00011815693935857739
1.000047151881986,85118429885.85846,2026-03-06 00:00:00,tether,1.0000981652125613,0.999647451975658,0.00011799577587267512
0.9999596593304437,70838468857.23846,2026-03-07 00:00:00,tether,1.000086974057822,0.999714065016404,0.00012794858373813995
0.999979394830107,39069661588.640366,2026-03-08 00:00:00,tether,1.0000333467908962,0.9997725434164547,5.468709397464097e-05
1.0000187244840877,55821215539.19565,2026-03-09 00:00:00,tether,1.000029032355622,0.9997935394927215,5.444398303939408e-05
1.000035923210783,81865892482.56384,2026-03-10 00:00:00,tether,1.0000290785320163,0.9998137198741429,5.4450618387158e-05
1.0000168490151076,86809936018.16296,2026-03-11 00:00:00,tether,1.000026683354561,0.9998309648893219,5.4586384350457394e-05
1.0000517587254645,72965356158.17609,2026-03-12 00:00:00,tether,1.000015637353997,0.9998468121084179,3.4562728213058856e-05
0.9999523695965462,68769328414.66628,2026-03-13 00:00:00,tether,1.0000020970275056,0.9998619445209035,3.850054903767588e-05
1.0000900040216567,100041475015.82155,2026-03-14 00:00:00,tether,1.000020717697679,0.9998845580504062,4.5448376652444005e-05
1.0001415880465405,38563858588.58551,2026-03-15 00:00:00,tether,1.0000438881571694,0.9999110627267671,5.991285357445542e-05
1.0001097507916341,49130764754.21382,2026-03-16 00:00:00,tether,1.0000568919153905,0.9999304975682801,6.332231336741696e-05
1.000019771606636,105320169168.62126,2026-03-17 00:00:00,tether,1.0000545845433693,0.9999422509014919,6.449709969036641e-05
1.0001758946865917,82776056952.42319,2026-03-18 00:00:00,tether,1.0000773053535814,0.9999617560111117,7.598002966725543e-05
0.9999921589218256,79703563840.38205,2026-03-19 00:00:00,tether,1.0000687910959187,0.9999738282899507,8.238894140720737e-05
1.0001271715337983,76791654527.8052,2026-03-20 00:00:00,tether,1.0000937628012403,0.9999895326470788,6.61019837590922e-05
0.9998984155342372,62863175533.68652,2026-03-21 00:00:00,tether,1.0000663930173233,0.9999974369344977,9.926355855445296e-05
0.9998006110538279,34140072542.860096,2026-03-22 00:00:00,tether,1.0000176820183644,1.0000019728197556,0.00013385063448048248
0.9997599806581059,52139776701.00877,2026-03-23 00:00:00,tether,0.9999677148564318,1.0000069469840507,0.0001570309233195911
0.9997280714604861,91635330091.9148,2026-03-24 00:00:00,tether,0.9999260434069818,1.0000054930510038,0.00017819266228600813
0.9995464025750291,68188587271.87693,2026-03-25 00:00:00,tether,0.9998361159624729,1.0000033275958877,0.00018956469071151552
0.9996158559527771,62399968580.45413,2026-03-26 00:00:00,tether,0.999782358395466,0.9999998912539695,0.0001912871168433826
0.9993777608233682,78999101581.64795,2026-03-27 00:00:00,tether,0.9996752997225473,0.999977203638984,0.0001751745535520845
0.9993090210116136,76641405476.10576,2026-03-28 00:00:00,tether,0.9995911005050298,0.9999479749541021,0.00019099285166224668
0.9992705593616054,39037431169.7329,2026-03-29 00:00:00,tether,0.9995153788347123,0.9999221617906734,0.0001989912776132921
0.9992400743545208,38189832780.599266,2026-03-30 00:00:00,tether,0.9994411065056286,0.9998955643553701,0.00018926745808102877
0.9992106628948578,61754410341.95552,2026-03-31 00:00:00,tether,0.9993671909962532,0.9998574269285793,0.0001567609001399059
0.9991033235488419,82966503163.4155,2026-04-01 00:00:00,tether,0.9993038939925122,0.9998259068625069,0.00016171350383423322
0.9998709253042358,74692519677.35881,2026-04-02 00:00:00,tether,0.9993403324712918,0.9998204177067808,0.00024893688912592805
0.9999692066117987,74432928672.56035,2026-04-03 00:00:00,tether,0.9994248247267821,0.9998182707519309,0.00034542887907650365
0.9998907119545611,40950132800.75861,2026-04-04 00:00:00,tether,0.9995079234329173,0.9998103251261025,0.0003810575868184568
0.9999481912545097,33899933885.440693,2026-04-05 00:00:00,tether,0.9996047279890465,0.9998070264385199,0.00039646889424003545
0.9996444370601621,40716083572.20167,2026-04-06 00:00:00,tether,0.9996624940898524,0.9997965190295106,0.00036248484679572045
0.9999504381512833,72494703479.45149,2026-04-07 00:00:00,tether,0.9997681762693419,0.9997955538068832,0.00031330253676239555
0.9998298565131113,85109759687.80737,2026-04-08 00:00:00,tether,0.9998719666928089,0.9997892582078506,0.00011204093429132924
1.000006769345285,70221522914.21844,2026-04-09 00:00:00,tether,0.9998913729843873,0.9997882864123341,0.0001230538278531113
0.999972350408578,63117955003.43047,2026-04-10 00:00:00,tether,0.9998918220982128,0.9997868031254497,0.00012339052168202562
1.0002738427080755,60647862268.55773,2026-04-11 00:00:00,tether,0.9999465550630007,0.99979420592487,0.0001898771343725866
1.0002867204969805,41186962954.96676,2026-04-12 00:00:00,tether,0.9999949163833536,0.9998053509548845,0.0002293680016746083
1.000133221808943,49585241417.12921,2026-04-13 00:00:00,tether,1.0000647427760365,0.9998067915477941,0.00017215334255148127
1.0002696907099002,81114443662.60347,2026-04-14 00:00:00,tether,1.0001103502844104,0.9998110616365727,0.0001789778546470049
1.0003562372230053,92204844503.21779,2026-04-15 00:00:00,tether,1.000185547528681,0.9998192778509517,0.00014966612104770147
1.0001582732288328,64422639550.72168,2026-04-16 00:00:00,tether,1.0002071909406163,0.9998238945716916,0.00012903673530506582
1.0001485402775412,80239030259.73729,2026-04-17 00:00:00,tether,1.000232360921897,0.9998229827580566,8.539906658016806e-05
1.0002620437009722,102466465381.90927,2026-04-18 00:00:00,tether,1.0002306753494536,0.9998319789173615,8.455613928471203e-05
1.0002172992279033,89725145207.25832,2026-04-19 00:00:00,tether,1.0002207580252997,0.9998349831738317,8.087833762529939e-05
1.000263826861404,90296001716.92659,2026-04-20 00:00:00,tether,1.000239415889937,0.9998471635514039,7.188342073777318e-05
1.0002535573598321,72574522319.4622,2026-04-21 00:00:00,tether,1.0002371111256416,0.999862261761604,7.100421341906634e-05
1.0002017029530261,66119542511.49478,2026-04-22 00:00:00,tether,1.0002150348013588,0.9998769858381014,4.813306711176921e-05
1.0001994348859884,79853881168.75583,2026-04-23 00:00:00,tether,1.0002209150380954,0.9998926979522849,4.219042911395045e-05
1.0002174988003734,70911268355.18703,2026-04-24 00:00:00,tether,1.000230766255643,0.9999150678264628,2.820884364178735e-05
1.0001945765530054,55437202123.75653,2026-04-25 00:00:00,tether,1.0002211280916475,0.9999343585131372,2.7250656603417736e-05
1.0002061396822974,30084244616.115067,2026-04-26 00:00:00,tether,1.0002195338708468,0.9999619711417682,2.7832209007576116e-05
1.0001466163052293,108274023074.04245,2026-04-27 00:00:00,tether,1.0002027895056789,0.9999898909848888,3.172873870392419e-05
0.9999239497177308,66890908167.45986,2026-04-28 00:00:00,tether,1.0001557026996646,1.0000116706634263,0.00010463775480333355
0.9998047421690456,54332033493.15596,2026-04-29 00:00:00,tether,1.0000989940162388,1.0000304929239106,0.00016544913905969482
0.9996299176396911,72401585665.98024,2026-04-29 18:52:32,tether,1.0000176344096248,1.0000444680820715,0.00023375524425279539
1.8050831186611875,4578118341.550557,2026-01-30 00:00:00,ripple,,,
1.7327720854202893,4982772913.271413,2026-01-31 00:00:00,ripple,,,
1.6436658882901531,6100029928.638935,2026-02-01 00:00:00,ripple,,,
1.5944442621009838,4426810243.522153,2026-02-02 00:00:00,ripple,,,
1.6206030260795774,4890476934.988525,2026-02-03 00:00:00,ripple,,,
1.5725414380096223,3968540367.482821,2026-02-04 00:00:00,ripple,,,
1.5170558553904752,4489356873.050525,2026-02-05 00:00:00,ripple,1.6408808105646127,,0.09830614763643951
1.2161107578407648,12032460868.66745,2026-02-06 00:00:00,ripple,1.556741901875981,,0.1642641673231897
1.4690800575209597,11254054037.410126,2026-02-07 00:00:00,ripple,1.5190716121760766,,0.14643594637977572
1.4252152762524186,5106195923.952623,2026-02-08 00:00:00,ripple,1.4878643818849717,,0.13852133286271157
1.4349694710334944,2648330090.8088403,2026-02-09 00:00:00,ripple,1.4650822688753302,,0.13097988774567046
1.4388979885580568,4073940624.5347195,2026-02-10 00:00:00,ripple,1.4391244063722561,,0.1115919816395592
1.3997611232740155,2324945353.6559896,2026-02-11 00:00:00,ripple,1.4144415042671692,,0.09504495982472683
1.3675262189821478,3267070270.14133,2026-02-12 00:00:00,ripple,1.393080127637408,,0.08433904432387972
1.3613529875277222,2433891203.566312,2026-02-13 00:00:00,ripple,1.4138290175926878,,0.03948266479835663
1.4061247435646491,2463087587.718372,2026-02-14 00:00:00,ripple,1.4048354013132152,,0.031074553915122767
1.5088776181920487,2484156385.1423483,2026-02-15 00:00:00,ripple,1.4167871644474477,,0.0503376904889205
1.4735483047448346,5459731414.60024,2026-02-16 00:00:00,ripple,1.4222984264062108,,0.054592293746422306
1.4879010843885696,2965693648.4731107,2026-02-17 00:00:00,ripple,1.4292988686677124,,0.059954192439860415
1.474786700621986,2267375192.2888126,2026-02-18 00:00:00,ripple,1.4400168082888511,,0.06049734979263626
1.419520653358989,2113377621.8072953,2026-02-19 00:00:00,ripple,1.4474445846283999,,0.05281820991384616
1.4067574969758219,2332530531.095171,2026-02-20 00:00:00,ripple,1.4539309431209855,,0.04220534301851175
1.4287023447803144,2681151957.2500496,2026-02-21 00:00:00,ripple,1.4571563147232234,,0.03865655222655961
1.432313132610905,1396583496.313539,2026-02-22 00:00:00,ripple,1.4462185310687743,,0.031808329271642254
1.3904201045692706,1531030572.2430108,2026-02-23 00:00:00,ripple,1.434343073900837,,0.03523724676229827
1.3519972818018684,3468618376.423911,2026-02-24 00:00:00,ripple,1.4149282449598795,,0.03813091760780385
1.3492712150693866,2746681234.937062,2026-02-25 00:00:00,ripple,1.396997461309508,,0.03464347247138261
1.4311778592275557,4839052372.244184,2026-02-26 00:00:00,ripple,1.398662776433589,,0.03615386934053181
1.4022343325428501,3252541993.376597,2026-02-27 00:00:00,ripple,1.3980166100860216,,0.036025274473849456
1.3556513092141123,3165932989.5660076,2026-02-28 00:00:00,ripple,1.3875807478622784,1.4639454578868343,0.0362348273241492
1.3793327963811741,3931422570.7456903,2026-03-01 00:00:00,ripple,1.3800121284008884,1.4497537804775005,0.03039690423311137
1.3508353496044245,3267559226.436247,2026-03-02 00:00:00,ripple,1.3743571634059102,1.4370225559503054,0.031788202138258996
1.3932878761648186,3240402573.5866785,2026-03-03 00:00:00,ripple,1.3802558197434747,1.4286766222127938,0.03076195519682698
1.36103107458941,2736394718.367275,2026-03-04 00:00:00,ripple,1.3819357996749064,1.420896182629075,0.02906193414253039
1.4304937640772049,4321077863.174976,2026-03-05 00:00:00,ripple,1.3818380717962848,1.4145592072289959,0.028869259081154855
1.4033263588998717,2611958630.379754,2026-03-06 00:00:00,ripple,1.3819940755615736,1.4089187045920042,0.02900049824097814
1.3637239392731317,2304975519.6121907,2026-03-07 00:00:00,ripple,1.383147308427148,1.403807640721426,0.027918692388838286
1.3564715576357889,1042569286.7491976,2026-03-08 00:00:00,ripple,1.3798814171778073,1.4084863340479266,0.029718409465014774
1.3422132871181114,1770535715.7507033,2026-03-09 00:00:00,ripple,1.3786496939654769,1.404257441701165,0.03126152361662225
1.3620867880412773,2706872342.1086836,2026-03-10 00:00:00,ripple,1.3741923956621136,1.4021531587607938,0.031050169270586545
1.3859389773180206,3336499530.7341127,2026-03-11 00:00:00,ripple,1.377750667480487,1.400518808970278,0.030715931778906205
1.3852855424426591,2328024070.527004,2026-03-12 00:00:00,ripple,1.3712923501041228,1.3987317274330981,0.02099119596809794
1.3856854223967114,1901864324.6307883,2026-03-13 00:00:00,ripple,1.3687722163179572,1.3982625374038546,0.017225500183443793
1.3984883653785558,3377254710.7986135,2026-03-14 00:00:00,ripple,1.3737385629044463,1.3992946089504017,0.020269925852394184
1.4060409016406614,1211608279.280466,2026-03-15 00:00:00,ripple,1.3808198977622852,1.4007842060874995,0.021830765209022062
1.4471445690623825,1990572080.7015047,2026-03-16 00:00:00,ripple,1.3958100808971812,1.4021515336040904,0.026441906015450854
1.544548518991867,4188142909.627089,2026-03-17 00:00:00,ripple,1.4218760424615513,1.4033405636307512,0.058345048893421535
1.518809913744032,4451986671.333548,2026-03-18 00:00:00,ripple,1.440857604808124,1.4048492839307243,0.06583751864643066
1.4635648455182177,2914165815.4583664,2026-03-19 00:00:00,ripple,1.4520403623903468,1.4040380759683793,0.06131810412951762
1.446907508513138,2614487500.7637186,2026-03-20 00:00:00,ripple,1.4607863746926937,1.4031087695647513,0.05423310546957817
1.4455066711696298,1850800037.9701636,2026-03-21 00:00:00,ripple,1.4675032755199897,1.4039749701584392,0.04775630578159023
1.4126521263383205,1181985491.4199317,2026-03-22 00:00:00,ripple,1.468447736191084,1.4041714578038555,0.04638385059008716
1.3856763547929614,1917059983.475361,2026-03-23 00:00:00,ripple,1.4596665627240237,1.4027372581376105,0.05592596768647388
1.4312128220885731,3597476600.392,2026-03-24 00:00:00,ripple,1.443475748880696,1.4027005811201996,0.04190456390406589
1.4149642928635169,2134212729.4908762,2026-03-25 00:00:00,ripple,1.4286406601834796,1.403518720730008,0.026245833281758196
1.4133478378773114,1907967929.5448515,2026-03-26 00:00:00,ripple,1.4214668019490644,1.4055637392658558,0.021552202466506114
1.3599141754843338,2543069231.3828793,2026-03-27 00:00:00,ripple,1.4090391829449496,1.4059185046130207,0.0284234670134587
1.3241937088535796,2474305616.775446,2026-03-28 00:00:00,ripple,1.3917087597569426,1.4023523662672217,0.03788982419162926
1.332280277660629,1218522172.0424392,2026-03-29 00:00:00,ripple,1.3802270670887007,1.400020564437814,0.0423952585368728
1.3269176580896753,1350497126.623672,2026-03-30 00:00:00,ripple,1.37183296755966,1.3990627760669996,0.04673171599935682
1.3222432322146085,1857994740.4050136,2026-03-31 00:00:00,ripple,1.3562658832919505,1.397159790594781,0.041512961070407486
1.3396108818298649,2010449383.345137,2026-04-01 00:00:00,ripple,1.3455011102871433,1.3967856416689621,0.032559379200558625
1.3481928710117392,1907712869.5860956,2026-04-02 00:00:00,ripple,1.3361932578777758,1.3952824748305264,0.013894203583609512
1.319127673601835,2547686158.6710787,2026-04-03 00:00:00,ripple,1.3303666147517046,1.393885694797607,0.010401900492127646
1.3177591466741263,1366929242.3922527,2026-04-04 00:00:00,ripple,1.329447391583211,1.3901278742175045,0.011285136895893529
1.314946138144583,922295626.815209,2026-04-05 00:00:00,ripple,1.326971085938062,1.3871818668589948,0.012406062824150904
1.3246057207688182,1493537853.3997192,2026-04-06 00:00:00,ripple,1.3266408091779394,1.3858779262421843,0.012438454401985445
1.3208458204759403,2022856059.1621466,2026-04-07 00:00:00,ripple,1.326441178929558,1.3846904016701893,0.012531660788558885
1.3795235137228608,2344351092.249236,2026-04-08 00:00:00,ripple,1.3321429834857004,1.3859340758903476,0.023660706875069482
1.3427145062635897,2578622137.447636,2026-04-09 00:00:00,ripple,1.3313603599502506,1.3852883331644246,0.023125905409392532
1.3440328831163328,2507108882.2227283,2026-04-10 00:00:00,ripple,1.3349182470237502,1.3838914633577017,0.0228443622188887
1.3560947005357682,2110555826.2342126,2026-04-11 00:00:00,ripple,1.3403947547182704,1.3829184352941388,0.022639389766392792
1.3553281609092545,1568086741.3886056,2026-04-12 00:00:00,ripple,1.3461636151132235,1.38190652657789,0.020073482080940397
1.3249812807309078,1736307268.9235272,2026-04-13 00:00:00,ripple,1.3462172665363792,1.3794562904229686,0.020006650682195065
1.3762741402442993,2573453681.7247047,2026-04-14 00:00:00,ripple,1.3541355979318588,1.37846406504309,0.019245787445532923
1.3621563908811436,2585999128.315747,2026-04-15 00:00:00,ripple,1.3516545803830424,1.3756311257703822,0.016325341860501018
1.3919181738522768,2861264883.7402062,2026-04-16 00:00:00,ripple,1.3586836757528549,1.3705434475990623,0.021581147185071623
1.4528848734657374,4183501949.328422,2026-04-17 00:00:00,ripple,1.3742339600884839,1.3683459462564522,0.04033405510684708
1.4771874378286678,4002171975.666686,2026-04-18 00:00:00,ripple,1.3915329225588982,1.3688000326668008,0.05467574589032607
1.4326893859997356,2437010881.2967176,2026-04-19 00:00:00,ripple,1.4025845261432526,1.3683260952496874,0.05395171800837366
1.3937945514866021,2768855260.3594017,2026-04-20 00:00:00,ripple,1.412414993394066,1.3666023579269195,0.04251129380858901
1.4249119694426158,2836204417.1398997,2026-04-21 00:00:00,ripple,1.4193632547081114,1.3670110193637297,0.03948697127878221
1.4307937655454137,2488644972.902711,2026-04-22 00:00:00,ripple,1.429168593945864,1.368514933055478,0.03038734377648227
1.4295005907066773,2444292397.038348,2026-04-23 00:00:00,ripple,1.4345375106393499,1.3684578586760814,0.025661526098454516
1.4392580892583027,2516648533.725339,2026-04-24 00:00:00,ripple,1.432590827181145,1.369267651889241,0.024529623704884738
1.4336579400826786,2084158113.1575637,2026-04-25 00:00:00,ripple,1.4263723275031466,1.3699446552960866,0.015010038394357524
1.424167813647866,1023101711.7935121,2026-04-26 00:00:00,ripple,1.425154960024308,1.372086443234871,0.014755723656938426
1.430589085616945,1218515405.1855252,2026-04-27 00:00:00,ripple,1.4304113220429284,1.3756329557936497,0.005148420298964046
1.3999210081463844,2164558318.049541,2026-04-28 00:00:00,ripple,1.4268411847148954,1.3778876468098418,0.012709790112015073
1.3806314905402015,1693206863.3377886,2026-04-29 00:00:00,ripple,1.4196751454284366,1.379678107891526,0.021328700129404552
1.3546976779031077,2215331608.975256,2026-04-29 18:52:32,ripple,1.4089890150279267,1.3807599227478091,0.03176911216310845
